,station_name,start_count,end_count,total_rides,LATITUDE,LONGITUDE
0,14th & Belmont St NW,2815.0,2536.0,5351.0,38.921074,-77.031887
1,Wisconsin Ave & Newark St NW,848.0,758.0,1606.0,38.934881,-77.072755
2,Rhode Island Avenue /Charles Armentrout Drive - Melrose Skate Park ,84.0,88.0,172.0,38.946393,-76.94602
3,10th & H St NE,820.0,827.0,1647.0,38.899984,-76.992725
4,N Pershing Dr & N Quebec St,224.0,202.0,426.0,38.874248,-77.104784
5,Hyattsville Library / Adelphi Rd & Toledo Rd,59.0,54.0,113.0,38.9698,-76.9493
6,3rd & G St SE,1082.0,1087.0,2169.0,38.881185,-77.001828
7,Jefferson Dr & 14th St SW,1146.0,1175.0,2321.0,38.888553,-77.032427
8,Grant Circle,659.0,532.0,1191.0,38.942025,-77.018221
9,6th St & Indiana Ave NW,895.0,942.0,1837.0,38.894573,-77.01994
10,13th & E St SE,297.0,260.0,557.0,38.882915,-76.987907
11,Ballenger Ave & Dulaney St,162.0,158.0,320.0,38.802677,-77.063562
12,Maine Ave & 7th St SW,1318.0,1398.0,2716.0,38.878694,-77.023054
13,3rd & Tingey St SE,847.0,927.0,1774.0,38.874967,-77.002489
14,17th St & New York Ave NW,419.0,478.0,897.0,38.896604,-77.039778
15,Perry & 35th St,83.0,92.0,175.0,38.936213,-76.960054
16,3rd & H St NW,1026.0,1075.0,2101.0,38.899408,-77.015289
17,Clarendon Blvd & N Fillmore St,446.0,360.0,806.0,38.8881,-77.09308
18,10th & E St NW,619.0,708.0,1327.0,38.895914,-77.026064
19,17th St & Kalorama Rd NW,1116.0,1082.0,2198.0,38.921639,-77.038559
20,Waterfront Park,231.0,267.0,498.0,38.874821,-77.020788
21,33rd St & Wisconsin Ave NW,622.0,657.0,1279.0,38.912181,-77.066074
22,Aurora Hills Cmty Ctr / 18th St & S Hayes St,209.0,218.0,427.0,38.857866,-77.05949
23,Henry St & Pendleton St,58.0,57.0,115.0,38.811456,-77.050276
24,Eads St & 15th St S,329.0,350.0,679.0,38.859751,-77.053235
25,Neal St & Trinidad Ave NE,468.0,469.0,937.0,38.903732,-76.987211
26,7th St & Florida Ave NW,1100.0,1106.0,2206.0,38.916137,-77.022003
27,21st & L St NW ,609.0,664.0,1273.0,38.904052,-77.046567
28,18th & R St NW,1796.0,1814.0,3610.0,38.912648,-77.041834
29,10th St & Spring Rd NW,721.0,574.0,1295.0,38.936228,-77.027163
30,California St & Florida Ave NW,1801.0,1677.0,3478.0,38.917761,-77.04062
31,8th & V St NW,1887.0,1889.0,3776.0,38.917716,-77.022684
32,West Hyattsville Metro,584.0,578.0,1162.0,38.955349,-76.968084
33,17th St & Potomac Ave SE / Congressional Cemetery ,194.0,184.0,378.0,38.882458,-76.980715
34,Marion Barry Ave & Naylor Rd SE,61.0,51.0,112.0,38.861663,-76.969184
35,21st & I St NW,1526.0,1588.0,3114.0,38.900711,-77.046449
36,Greensboro Metro East,13.0,8.0,21.0,38.920687,-77.233165
37,9th & F St NW,792.0,880.0,1672.0,38.896932,-77.023945
38,North Capitol & R St NE,989.0,927.0,1916.0,38.91256,-77.008775
39,MBT & Bryant St NE,1378.0,1367.0,2745.0,38.922404,-76.996023
40,M St & Delaware Ave NE,2415.0,2421.0,4836.0,38.905691,-77.003201
41,3rd & Underwood St NW,209.0,182.0,391.0,38.968935,-77.016263
42,Pentagon Row Plaza / Army Navy Dr & Joyce St,370.0,372.0,742.0,38.863314,-77.063416
43,12th St & Pennsylvania Ave SE,543.0,525.0,1068.0,38.882489,-76.990121
44,Ohio Dr & West Basin Dr SW / MLK & FDR Memorials,367.0,384.0,751.0,38.88412,-77.04657
45,14th & D St SE,815.0,777.0,1592.0,38.884058,-76.986385
46,15th St & Constitution Ave NW,702.0,706.0,1408.0,38.892244,-77.033234
47,1st & K St NE,2012.0,2035.0,4047.0,38.902386,-77.005649
48,4th & C St SW,744.0,759.0,1503.0,38.886372,-77.017701
49,Metro Center / 12th & G St NW,912.0,1038.0,1950.0,38.898326,-77.027959
50,Arizona Ave & MacArthur Blvd NW,156.0,183.0,339.0,38.927294,-77.103662
51,11th & Kenyon St NW,2162.0,1728.0,3890.0,38.929464,-77.027822
52,13th & O St NW/ Logan Circle,1623.0,1636.0,3259.0,38.908735,-77.029779
53,River Rd & Landy Ln,170.0,168.0,338.0,38.964992,-77.103381
54,Rhodes St & 16th St N,172.0,166.0,338.0,38.892164,-77.079375
55,Mandeville Ln & Stovall St,93.0,89.0,182.0,38.802893,-77.072558
56,Eads St & 22nd St S,310.0,301.0,611.0,38.854381,-77.053412
57,North Capitol St & F St NW,854.0,967.0,1821.0,38.897446,-77.009888
58,Virginia Ave & C St NW,249.0,251.0,500.0,38.894112,-77.044334
59,14th St & Marion Barry Ave SE,90.0,93.0,183.0,38.866611,-76.985238
60,South Capitol St and Southern Ave SE,16.0,13.0,29.0,38.821563,-77.001095
61,Wilson Blvd & N Edgewood St,524.0,444.0,968.0,38.889396,-77.091862
62,John McCormack Rd NE,189.0,166.0,355.0,38.938889,-76.997226
63,Crabbs Branch Avenue & Gramercy Blvd,16.0,11.0,27.0,39.124921,-77.164467
64,Commonwealth and Reed,205.0,205.0,410.0,38.836838,-77.057274
65,Fenton St & New York Ave ,147.0,130.0,277.0,38.985404,-77.023082
66,14th & Girard St NW,1296.0,1193.0,2489.0,38.925284,-77.032375
67,Edgewood Rec Center,617.0,600.0,1217.0,38.924144,-77.002098
68,19th & E Street NW,186.0,185.0,371.0,38.895734,-77.043368
69,New Jersey Ave & H St SE,1336.0,1368.0,2704.0,38.880761,-77.005741
70,Carta Way & Sayward Blvd,17.0,15.0,32.0,38.957834,-77.419355
71,North Bethesda Metro,48.0,49.0,97.0,39.04753,-77.11287
72,Battery Ln & Trolley Trail,85.0,80.0,165.0,38.992375,-77.100104
73,Bethesda Metro / Wisconsin Ave & Old Georgetown Rd,217.0,200.0,417.0,38.984691,-77.094537
74,Innovation Metro South,42.0,23.0,65.0,38.960152,-77.416872
75,N Shore Dr & Charter Oak Ct,23.0,18.0,41.0,38.959082,-77.349026
76,1st & M St NE,2767.0,2777.0,5544.0,38.905697,-77.005483
77,Pimmit Dr & Idyl Ln,14.0,19.0,33.0,38.897692,-77.207261
78,20th & N St NW ,1146.0,1172.0,2318.0,38.907045,-77.044975
79,21st St & G st NW,1151.0,1155.0,2306.0,38.898302,-77.046913
80,18th St & Wyoming Ave NW,1840.0,1666.0,3506.0,38.918809,-77.041571
81,Blueridge Ave & Elkin St,8.0,7.0,15.0,39.04313,-77.05006
82,Connecticut Ave & Macomb St NW / Cleveland Park,472.0,436.0,908.0,38.933626,-77.05753
83,15th & F St NE,680.0,680.0,1360.0,38.897195,-76.983575
84,Washington Blvd & Walter Reed Dr ,158.0,167.0,325.0,38.873219,-77.082104
85,Yuma St & Tenley Circle NW,139.0,89.0,228.0,38.946182,-77.08059
86,Long Bridge Park / Long Bridge Dr & 6th St S,90.0,104.0,194.0,38.865553,-77.05003
87,Anacostia Library,73.0,62.0,135.0,38.865784,-76.9784
88,Crystal Dr & 27th St S,155.0,162.0,317.0,38.848466,-77.051514
89,Arlington National Cemetery,548.0,571.0,1119.0,38.884533,-77.065803
90,17th & G St NW,952.0,1062.0,2014.0,38.898301,-77.039643
91,Langston Blvd & N Cleveland St,304.0,295.0,599.0,38.894941,-77.09169
92,3rd & D St SE,721.0,740.0,1461.0,38.8851,-77.0023
93,Arlington Blvd & Allen St,23.0,18.0,41.0,38.866361,-77.199788
94,Silver Spring Metro / Colesville Rd & Wayne Ave,164.0,158.0,322.0,38.995256,-77.029124
95,N Pershing Dr & N George Mason Dr,239.0,225.0,464.0,38.871822,-77.107906
96,S George Mason Dr & S Four Mile Run Dr,48.0,44.0,92.0,38.852248,-77.105022
97,Rhode Island & Montana Ave NE,149.0,136.0,285.0,38.924312,-76.985957
98,King St & Patrick St,142.0,153.0,295.0,38.805317,-77.049883
99,Franklin St & S Washington St,104.0,117.0,221.0,38.798133,-77.0487
100,Pennsylvania & Minnesota Ave SE,123.0,135.0,258.0,38.873057,-76.971015
101,Glebe Rd & 11th St N,223.0,207.0,430.0,38.883921,-77.116817
102,8th & H St NE,1066.0,1077.0,2143.0,38.899942,-76.994897
103,14th & Upshur St NW,608.0,504.0,1112.0,38.942475,-77.032678
104,18th & Upshur St NE,68.0,80.0,148.0,38.941733,-76.980378
105,S Four Mile Run Dr & Walter Reed Dr,117.0,114.0,231.0,38.84736,-77.095431
106,Rockville Metro East,15.0,15.0,30.0,39.085394,-77.145803
107,Gatehouse Rd & Telestar Ct,12.0,18.0,30.0,38.868536,-77.225262
108,S Clark St & 33rd St,119.0,115.0,234.0,38.845028,-77.051956
109,Loughboro Rd & Dalecarlia Pkwy NW / Sibley Hospital,92.0,101.0,193.0,38.935839,-77.106913
110,S Reynolds St & Edsall Rd,15.0,7.0,22.0,38.809607,-77.128908
111,King St & Kenwood Ave,45.0,35.0,80.0,38.824793,-77.085066
112,Commonwealth Ave & Oak St,46.0,47.0,93.0,38.812711,-77.061715
113,Hains Point/Buckeye & Ohio Dr SW,349.0,349.0,698.0,38.878433,-77.03023
114,Vermont Ave & I St NW,1120.0,1164.0,2284.0,38.901136,-77.034451
115,34th St & Wisconsin Ave NW,1043.0,1056.0,2099.0,38.916442,-77.0682
116,Georgia Ave & Piney Branch Rd NW,273.0,226.0,499.0,38.967505,-77.027976
117,Shady Grove Metro East,51.0,53.0,104.0,39.121327,-77.164969
118,S Kenmore St & 24th St S,86.0,90.0,176.0,38.848454,-77.084918
119,Potomac Greens Dr & Slaters Ln,128.0,134.0,262.0,38.82175,-77.047494
120,Virginia Tech / University Dr & Potomac Ave,117.0,94.0,211.0,38.838845,-77.048516
121,5th & K St NW,3201.0,3235.0,6436.0,38.902734,-77.019181
122,4th & W St NE,676.0,662.0,1338.0,38.919077,-77.000648
123,East West Hwy & 16th St,82.0,63.0,145.0,38.995681,-77.038721
124,14th St & Luzon Ave NW,284.0,269.0,553.0,38.969489,-77.033509
125,Mount Vernon Ave & Four Mile Run Park,102.0,96.0,198.0,38.843422,-77.064016
126,Wisconsin Ave & Upton St NW,724.0,708.0,1432.0,38.941808,-77.07643
127,Roosevelt Island,302.0,314.0,616.0,38.896553,-77.06714
128,Whitehaven Pkwy & Foxhall Rd NW / GWU Mt. Vernon,171.0,151.0,322.0,38.916501,-77.090911
129,Norfolk Ave & Fairmont St,147.0,146.0,293.0,38.988562,-77.096539
130,Woodglen Dr & Executive Blvd,27.0,20.0,47.0,39.04317,-77.1135
131,Commonwealth Ave & E Monroe Ave,113.0,113.0,226.0,38.820058,-77.062821
132,S Jordan St & Venable St,13.0,15.0,28.0,38.811361,-77.109975
133,Woodley Park Metro / Calvert St & Connecticut Ave NW,1208.0,1044.0,2252.0,38.923389,-77.051833
134,21st St & Pennsylvania Ave NW,512.0,525.0,1037.0,38.901539,-77.046564
135,8th & O St NW,2331.0,2367.0,4698.0,38.90864,-77.02277
136,Barton St & 10th St N,214.0,193.0,407.0,38.884961,-77.08777
137,Columbia Pike & S George Mason Dr,87.0,89.0,176.0,38.859306,-77.102019
138,S Maple Ave & S Washington St,37.0,43.0,80.0,38.87972,-77.178408
139,Fenton St & Ellsworth Dr ,181.0,165.0,346.0,38.997033,-77.025608
140,Sligo Ave & Carroll Ln,103.0,76.0,179.0,38.990874,-77.016311
141,W Columbia St & N Washington St,35.0,40.0,75.0,38.885621,-77.166917
142,28th St & S Meade St,124.0,131.0,255.0,38.846222,-77.069275
143, S Scott St & 12th St,106.0,109.0,215.0,38.863531,-77.07721
144,Wiehle-Reston Metro North,26.0,24.0,50.0,38.947971,-77.337685
145,Reston YMCA,18.0,18.0,36.0,38.955314,-77.368416
146,University Dr & Democracy Ln,10.0,8.0,18.0,38.849411,-77.304435
147,Reston Town Center Metro South,20.0,15.0,35.0,38.9523,-77.361466
148,Market St & St Francis St,29.0,27.0,56.0,38.95866,-77.361516
149,Blenheim Blvd & North St,13.0,11.0,24.0,38.846972,-77.303349
150,School St & George Mason Blvd,24.0,11.0,35.0,38.837382,-77.30938
151,MLK & Marion Barry Ave SE,134.0,137.0,271.0,38.867373,-76.988039
152,18th & C St NW,243.0,252.0,495.0,38.893511,-77.041544
153,20th & O St NW / Dupont South,1963.0,1985.0,3948.0,38.908905,-77.04478
154,Nannie Helen Burroughs & Minnesota Ave NE,15.0,16.0,31.0,38.901385,-76.941877
155,Carroll & Westmoreland Ave,197.0,152.0,349.0,38.975,-77.01121
156,14th St Heights / 14th & Crittenden St NW,362.0,353.0,715.0,38.947774,-77.032818
157,Connecticut Ave & Ordway St NW / Cleveland Park Metro ,783.0,786.0,1569.0,38.935842,-77.058468
158,17th & Upshur St NW,312.0,253.0,565.0,38.942146,-77.038684
159,15th & W St NW,2291.0,2280.0,4571.0,38.919019,-77.034449
160,Old Georgetown Rd & Southwick St,65.0,55.0,120.0,38.999634,-77.109647
161,14th & D St NW / John A Wilson Building,475.0,505.0,980.0,38.894514,-77.031617
162,Georgia Ave & Morton St NW,1564.0,1454.0,3018.0,38.932128,-77.0235
163,Fairfax Dr & Wilson Blvd,320.0,290.0,610.0,38.885801,-77.097745
164,29th & M St NW,1189.0,1385.0,2574.0,38.904942,-77.058056
165,Crystal City Metro / 18th St & S Bell St,551.0,561.0,1112.0,38.857785,-77.051698
166,St Asaph & Pendleton St,122.0,128.0,250.0,38.810741,-77.044633
167,Wheeler Ave & S. Floyd St.,15.0,22.0,37.0,38.808161,-77.100796
168,Fort Lincoln Dr & 33rd Pl NE,57.0,59.0,116.0,38.921641,-76.955687
169,Eisenhower Ave & Ike Dr,33.0,40.0,73.0,38.802738,-77.082463
170,First St & Fayette St,99.0,100.0,199.0,38.817019,-77.050105
171,44th St & New Mexico Ave NW,349.0,310.0,659.0,38.933899,-77.086263
172,48th Pl & MacArthur Blvd NW,161.0,144.0,305.0,38.917105,-77.095825
173,Reston Town Center Metro North,86.0,85.0,171.0,38.953691,-77.359717
174,Vienna Metro South,80.0,71.0,151.0,38.877415,-77.270731
175,Four Mile Rd & Milan Dr,35.0,34.0,69.0,38.842968,-77.068949
176,Eden Center,67.0,78.0,145.0,38.873808,-77.152849
177,Executive Blvd & E Jefferson St,18.0,19.0,37.0,39.04873,-77.1257
178,Traville Gateway Dr & Gudelsky Dr,5.0,3.0,8.0,39.093783,-77.202501
179,Connecticut Ave & R St NW,1423.0,1464.0,2887.0,38.912644,-77.04564
180,14th & Otis Pl NW,1443.0,1277.0,2720.0,38.934405,-77.032687
181,11th & Girard St NW,1739.0,1647.0,3386.0,38.925642,-77.027131
182,4th & E St SW,717.0,708.0,1425.0,38.88412,-77.017445
183,New Jersey Ave & N St NW/Dunbar HS,854.0,875.0,1729.0,38.907333,-77.01536
184,North Capitol & K St NE,542.0,543.0,1085.0,38.902444,-77.008246
185,19th & G St NW,670.0,689.0,1359.0,38.898412,-77.043182
186,Bethesda Ave & Arlington Rd,162.0,164.0,326.0,38.981103,-77.097426
187,20th & I St NW,508.0,577.0,1085.0,38.90155,-77.045021
188,Massachusetts & Idaho Ave NW,477.0,390.0,867.0,38.931349,-77.077214
189,Wakefield High School,154.0,155.0,309.0,38.847129,-77.11255
190,Beech Dr at Draper Dr Park,8.0,8.0,16.0,38.866659,-77.282077
191,Georgia Ave & Emerson St NW,240.0,192.0,432.0,38.949662,-77.027333
192,Mount Vernon Ave & E Del Ray Ave,148.0,144.0,292.0,38.82595,-77.058541
193,Central Library / Quincy St & 10th St N,254.0,248.0,502.0,38.88397,-77.10783
194,Prince St & Union St,262.0,323.0,585.0,38.803124,-77.040363
195,Jones Branch Dr & Blyton St,12.0,17.0,29.0,38.926973,-77.217376
196,Greensboro Dr & Silver Hill Dr,29.0,9.0,38.0,38.924325,-77.232091
197,Briggs Chaney Park & Ride,8.0,5.0,13.0,39.077875,-76.941867
198,North Shore & Cameron Crescent Dr/Crescent Apartments,3.0,3.0,6.0,38.970046,-77.338686
199,Riggs Rd & East West Hwy,41.0,45.0,86.0,38.9725,-76.9807
200,National Harbor Carousel,115.0,114.0,229.0,38.7859,-77.0167
201,Holmes Run Pkwy & N Pickett St,53.0,61.0,114.0,38.814305,-77.11893
202,Lee Center,52.0,48.0,100.0,38.797557,-77.053766
203,Madison St & N Henry St,52.0,54.0,106.0,38.813485,-77.049468
204,Greensboro & International Dr,8.0,8.0,16.0,38.923083,-77.227417
205,N Shore Dr & Wainwright Dr,8.0,9.0,17.0,38.963782,-77.349764
206,Langston Blvd & N Kirkwood Rd,39.0,46.0,85.0,38.895377,-77.09713
207,Lamont & Mt Pleasant NW,2625.0,2395.0,5020.0,38.9319,-77.0388
208,37th & Ely Pl SE,13.0,11.0,24.0,38.883132,-76.950009
209,Potomac Greens Dr & Carpenter Rd,51.0,50.0,101.0,38.831052,-77.046121
210,4th St & Mississippi Ave SE,52.0,49.0,101.0,38.836,-77.0009
211,Largo Town Center Metro,22.0,20.0,42.0,38.899811,-76.844604
212,Woodland Park Rd & Cooperative Way,31.0,34.0,65.0,38.954281,-77.402847
213,GMU/Rappahannock River Ln,19.0,19.0,38.0,38.8348,-77.307057
214,Potomac Ave & Swann Ave,77.0,68.0,145.0,38.829545,-77.047844
215,12th & L St NW,1080.0,1103.0,2183.0,38.903819,-77.0284
216,14th & Quincy St NW,1648.0,1540.0,3188.0,38.938024,-77.032688
217,24th & R St NE / National Arboretum,166.0,171.0,337.0,38.91263,-76.971923
218,Commerce St & Fayette St,148.0,148.0,296.0,38.80563,-77.052925
219,7th St & Massachusetts Ave NE,689.0,589.0,1278.0,38.89222,-76.99602
220,Army Navy Dr & S Eads St,57.0,63.0,120.0,38.864365,-77.054421
221,Harvard St & Adams Mill Rd NW,448.0,418.0,866.0,38.927872,-77.043358
222,Madison St & Fairfax St,114.0,114.0,228.0,38.812351,-77.040691
223,2nd & G St NE,1080.0,1087.0,2167.0,38.89967,-77.003666
224,Arlington Blvd & Fairfax Dr,294.0,295.0,589.0,38.886256,-77.084262
225,10th St & Rhode Island Ave NE,292.0,282.0,574.0,38.922489,-76.99267
226,9th & G St NW,1079.0,1133.0,2212.0,38.898097,-77.023924
227,Powhatan St & Bashford Ln,74.0,74.0,148.0,38.818748,-77.047783
228,16th & K St NW/BLM Plaza,567.0,657.0,1224.0,38.902677,-77.035866
229,Franconia-Springfield Metro North,36.0,27.0,63.0,38.766946,-77.168902
230,Radford & Osage St,30.0,23.0,53.0,38.828471,-77.086061
231,King St & W Braddock Rd,51.0,45.0,96.0,38.827674,-77.088985
232,USDA / 12th & C St SW,468.0,485.0,953.0,38.886277,-77.028242
233,Coppermine Rd & River Birch Rd,20.0,23.0,43.0,38.949381,-77.416074
234,Marymount University / Yorktown Blvd & 26th St N,41.0,26.0,67.0,38.904252,-77.127776
235,9th St & Pennsylvania Ave NW,650.0,818.0,1468.0,38.89428,-77.023979
236,Metro Park Dr & Walker Ln ,7.0,7.0,14.0,38.76843,-77.156504
237,Randle Circle & Minnesota Ave SE,22.0,21.0,43.0,38.878,-76.9607
238,Potomac Ave & Main Line Blvd,139.0,134.0,273.0,38.822738,-77.049265
239,Reading Ave & Merton Ct,29.0,27.0,56.0,38.830352,-77.126081
240,Brenman Park Dr & Somervelle St,44.0,42.0,86.0,38.809187,-77.116242
241,King St Metro South,147.0,151.0,298.0,38.805763,-77.060627
242,Wilson Blvd & N Oak St,419.0,425.0,844.0,38.895068,-77.07386
243,Huntington Ave & Metroview Pkwy,18.0,14.0,32.0,38.797242,-77.074949
244,Virginia Hospital Center,121.0,125.0,246.0,38.887914,-77.128015
245,Deanwood Rec Center,39.0,36.0,75.0,38.908473,-76.933099
246,Columbia Pike & S Greenbrier St,76.0,69.0,145.0,38.854019,-77.118106
247,Maple & Ritchie Ave,83.0,98.0,181.0,38.983627,-77.006311
248,Branch & Pennsylvania Ave SE,67.0,72.0,139.0,38.8692,-76.9599
249,Kennedy Center,375.0,433.0,808.0,38.897293,-77.05557
250,Pimmit Dr & Los Pueblos Ln,31.0,27.0,58.0,38.900371,-77.205428
251,Baltimore Ave & Van Buren St / Riverdale Park Station,128.0,132.0,260.0,38.969581,-76.937349
252,Baltimore Ave & Jefferson St,146.0,153.0,299.0,38.95548,-76.940133
253,Arlington Blvd & N Fillmore St,50.0,58.0,108.0,38.873755,-77.089233
254,39th & Calvert St NW / Stoddert,979.0,925.0,1904.0,38.922649,-77.077271
255,10th & G St NW,640.0,764.0,1404.0,38.898243,-77.026235
256,Twinbrook Metro,89.0,78.0,167.0,39.062041,-77.120776
257,18th & Monroe St NE,118.0,132.0,250.0,38.93293,-76.979517
258,Layton Hall Dr & University Dr,2.0,5.0,7.0,38.850932,-77.302732
259,Bowdoin Ave & Calvert Rd/ College Park Station,230.0,211.0,441.0,38.978103,-76.928879
260,Guilford Drive & Rowalt Drive / UMD,118.0,119.0,237.0,38.978008,-76.939269
261,Rhode Island Ave Metro,659.0,624.0,1283.0,38.920682,-76.995876
262,20th St & Virginia Ave NW,231.0,231.0,462.0,38.894722,-77.045128
263,N Pitt St & Montgomery St,86.0,86.0,172.0,38.814031,-77.042817
264,District Ave & Strawberry Ln/Mosaic Market Garage,51.0,55.0,106.0,38.872642,-77.230632
265,Fillmore & Bisdorf,48.0,37.0,85.0,38.83863,-77.116206
266,Washington & Independence Ave SW/HHS,599.0,629.0,1228.0,38.886978,-77.013769
267,West Falls Church Metro,56.0,51.0,107.0,38.9001,-77.1887
268,N Quincy St & Glebe Rd,194.0,169.0,363.0,38.876393,-77.107735
269,Hamlin & 7th St NE,645.0,628.0,1273.0,38.927497,-76.997194
270,5th St & Massachusetts Ave NW,1509.0,1547.0,3056.0,38.90093,-77.018677
271,Monroe St & Monroe Pl,19.0,16.0,35.0,39.083673,-77.149162
272,TJ Cmty Ctr / 2nd St & S Old Glebe Rd,213.0,220.0,433.0,38.869418,-77.095596
273,1st & H St NW,877.0,942.0,1819.0,38.900358,-77.012108
274,Minnesota Ave & R St SE,60.0,61.0,121.0,38.869337,-76.978519
275,Maine Ave & 9th St SW,1119.0,1198.0,2317.0,38.88044,-77.025236
276,Herndon Metro South ,24.0,24.0,48.0,38.952001,-77.384557
277,Jones Branch & Westbranch Dr,19.0,26.0,45.0,38.931911,-77.219261
278,Kansas Ave & Longfellow St NW,251.0,228.0,479.0,38.95787,-77.013697
279,1st St & Potomac Ave SE,502.0,514.0,1016.0,38.871841,-77.00591
280,14th & Irving St NW,3191.0,2912.0,6103.0,38.928552,-77.032224
281,4th & G St SW,1247.0,1314.0,2561.0,38.881117,-77.017699
282,New Hampshire Ave & Ward Pl NW,1712.0,1728.0,3440.0,38.905711,-77.047318
283,Kingman Island/The Fields at RFK,142.0,136.0,278.0,38.895955,-76.967845
284,Falls Church City Hall / Park Ave & Little Falls St,64.0,64.0,128.0,38.885434,-77.173605
285,Carroll & Ethan Allen Ave,245.0,212.0,457.0,38.977933,-77.006472
286,14th & L St NW,995.0,988.0,1983.0,38.903658,-77.031737
287,15th St & Massachusetts Ave SE,634.0,622.0,1256.0,38.88732,-76.983569
288,Dorr Ave & Prosperity Ave,28.0,21.0,49.0,38.879256,-77.233583
289,Greenbelt Station Parkway,29.0,27.0,56.0,39.002459,-76.916243
290,Needwood Rd & Eagles Head Ct,12.0,10.0,22.0,39.123513,-77.15741
291,Anacostia Roller Skating Pavilion,65.0,70.0,135.0,38.878771,-76.97093
292,Stanton Square SE,23.0,14.0,37.0,38.855004,-76.984512
293,18th & L St NW,930.0,979.0,1909.0,38.903741,-77.042452
294,3rd & N St NE,1145.0,1142.0,2287.0,38.907073,-77.002109
295,17th St & Massachusetts Ave NW,1222.0,1179.0,2401.0,38.908568,-77.038542
296,15th & Euclid St NW,1698.0,1560.0,3258.0,38.92333,-77.0352
297,Eisenhower Ave & Warburton St,37.0,40.0,77.0,38.803328,-77.119496
298,W St & Shannon Pl SE,89.0,94.0,183.0,38.865404,-76.990779
299,Eads St & 12th St S,505.0,511.0,1016.0,38.862841,-77.054277
300,New York Ave & Hecht Ave NE,830.0,819.0,1649.0,38.915604,-76.983683
301,Van Ness Metro / UDC,669.0,668.0,1337.0,38.944551,-77.063896
302,Potomac & M St NW,1535.0,1615.0,3150.0,38.905509,-77.065246
303,18th & M St NW,1027.0,1060.0,2087.0,38.905067,-77.041779
304,11th & S St NW,1626.0,1644.0,3270.0,38.913674,-77.027078
305,11th & F St NW,733.0,849.0,1582.0,38.897857,-77.026975
306,Wisconsin Ave & K St NW,1193.0,1508.0,2701.0,38.902801,-77.062819
307,7th & K St NW,1438.0,1538.0,2976.0,38.902674,-77.021392
308,7th & Monroe St NE,821.0,769.0,1590.0,38.932243,-76.996133
309,Eastern Market / 7th & North Carolina Ave SE,1395.0,1396.0,2791.0,38.886952,-76.996806
310,16th & Pine St NW,995.0,841.0,1836.0,38.930845,-77.036232
311,7th & S St NW,1316.0,1323.0,2639.0,38.914174,-77.021595
312,3rd & K St NW,1198.0,1209.0,2407.0,38.90241,-77.01533
313,Braddock Rd Metro South,408.0,406.0,814.0,38.813474,-77.053734
314,The Shoppes @ Burnt Mills,6.0,12.0,18.0,39.031314,-77.004122
315,Fairfax Dr & N Taylor St,323.0,318.0,641.0,38.882425,-77.112754
316,W&OD Trail/Sunset Hills Rd & Old Reston Ave,13.0,14.0,27.0,38.955079,-77.351649
317,East Falls Church Metro / Sycamore St & 19th St N,349.0,321.0,670.0,38.885321,-77.156427
318,16th & Bangor St SE,33.0,30.0,63.0,38.86044,-76.983585
319,4th & Florida Ave NE,2788.0,2712.0,5500.0,38.907316,-77.000698
320,37th & O St NW / Georgetown University,2695.0,2753.0,5448.0,38.907837,-77.07166
321,Braddock Rd Metro North,75.0,69.0,144.0,38.814577,-77.052808
322,Jefferson Memorial,904.0,898.0,1802.0,38.879819,-77.037413
323,National Airport,156.0,157.0,313.0,38.852903,-77.045916
324,25th & S St SE ,67.0,70.0,137.0,38.868356,-76.970997
325,19th & Savannah St SE,8.0,7.0,15.0,38.84623,-76.97703
326,Emma Lee St & Morris St,5.0,4.0,9.0,38.877818,-77.209421
327,E Fairfax St & S Washington St,35.0,38.0,73.0,38.880612,-77.171891
328,12th & Varnum St NE,114.0,117.0,231.0,38.943596,-76.990157
329,14th & G St NW,787.0,882.0,1669.0,38.898164,-77.031898
330,Independence Ave & L'Enfant Plaza SW/DOE,439.0,442.0,881.0,38.887332,-77.026141
331,Westwood Center Dr & Sheraton Tysons Dr,25.0,18.0,43.0,38.929129,-77.246523
332,Norfolk & Rugby Ave,52.0,49.0,101.0,38.990639,-77.100239
333,Minnesota Ave Metro/DOES,53.0,57.0,110.0,38.897063,-76.947446
334,New Jersey Ave & R St NW,1273.0,1302.0,2575.0,38.912659,-77.017669
335,34th & Water St NW,377.0,534.0,911.0,38.903732,-77.067529
336,Mount Vernon Ave & Kennedy St,69.0,61.0,130.0,38.833077,-77.059821
337,Oklahoma Ave & Benning Rd NE,119.0,121.0,240.0,38.8975,-76.969509
338,Prince George's Plaza Metro,249.0,224.0,473.0,38.965742,-76.954803
339,Rhode Island Ave & V St NE,488.0,380.0,868.0,38.918155,-77.004746
340,N Veitch St & 20th St N,392.0,389.0,781.0,38.896923,-77.086502
341,Baltimore Avenue and Hotel Drive at UMD,162.0,163.0,325.0,38.986639,-76.936073
342,Rockville Metro West,34.0,34.0,68.0,39.084379,-77.146866
343,King Farm Blvd & Piccard Dr,27.0,26.0,53.0,39.110314,-77.182669
344,Park Run & Onyx Dr,25.0,17.0,42.0,38.92755,-77.226644
345,Ridge Heights Rd & Seahawks Dr,7.0,7.0,14.0,38.936061,-77.337775
346,Reston Station Blvd & Sunset Hills Rd,15.0,15.0,30.0,38.946735,-77.331008
347,5th & Kennedy St NW,337.0,323.0,660.0,38.956556,-77.019814
348,Maryland Ave & 17th St NE,474.0,480.0,954.0,38.901935,-76.978627
349,20th St & Florida Ave NW,1150.0,1087.0,2237.0,38.9154,-77.0446
350,19th & I St NW,773.0,812.0,1585.0,38.901633,-77.043386
351,10th & U St NW,963.0,947.0,1910.0,38.9172,-77.0259
352,Constitution Ave & 2nd St NW/DOL,879.0,884.0,1763.0,38.892275,-77.013917
353,3rd St & Pennsylvania Ave SE,963.0,959.0,1922.0,38.887378,-77.001955
354,61st St & Banks Pl NE,19.0,19.0,38.0,38.891805,-76.913563
355,Virginia Ave & 25th St NW,699.0,767.0,1466.0,38.89846,-77.053052
356,Cordell & Norfolk Ave,95.0,87.0,182.0,38.98954,-77.098029
357,Michigan Ave & Allison St NE,47.0,52.0,99.0,38.945068,-76.978783
358,24th St & Rhode Island Ave NE,64.0,56.0,120.0,38.930774,-76.972851
359,16th & Q St SE / Anacostia HS,26.0,30.0,56.0,38.870695,-76.982359
360,St Asaph St & Madison St,104.0,108.0,212.0,38.812718,-77.044097
361,Fleet St & Waterfront St,52.0,53.0,105.0,38.782633,-77.016059
362,Westpark & Jones Branch Dr,12.0,11.0,23.0,38.924437,-77.217664
363,Columbia Pike & S Courthouse Rd,124.0,123.0,247.0,38.863833,-77.080319
364,N Howard St & Taney Ave,38.0,37.0,75.0,38.815842,-77.110014
365,Wilson Blvd & Ft Myer Dr,298.0,334.0,632.0,38.8946,-77.072305
366,Ballston Metro / Stuart St & 9th St N,757.0,733.0,1490.0,38.881044,-77.111768
367,24th & N St NW,695.0,743.0,1438.0,38.9066,-77.05152
368,11th & C St SE,613.0,608.0,1221.0,38.885908,-76.991476
369,Connecticut Ave & Chevy Chase Lake Dr,48.0,38.0,86.0,38.994113,-77.076986
370,N Shore Dr & Bandit Loop,8.0,6.0,14.0,38.95937,-77.331794
371,Langston Blvd & N Monroe St,176.0,179.0,355.0,38.896456,-77.104562
372,Washington Blvd & 10th St N,276.0,189.0,465.0,38.884734,-77.093485
373,Western Ave & Pinehurst Cir NW ,45.0,41.0,86.0,38.975739,-77.066409
374,4th St & Madison Dr NW,1280.0,1242.0,2522.0,38.890496,-77.017247
375,15th & East Capitol St NE,685.0,681.0,1366.0,38.889908,-76.983326
376,Lincoln Park / 13th & East Capitol St NE ,1607.0,1536.0,3143.0,38.890461,-76.988355
377,7th & R St NW / Shaw Library,1676.0,1650.0,3326.0,38.912719,-77.022155
378,11th & M St NW,2005.0,2010.0,4015.0,38.905579,-77.027313
379,13th & D St NE,994.0,931.0,1925.0,38.894832,-76.987633
380,Riverdale Park Town Center,107.0,109.0,216.0,38.962119,-76.935578
381,Route 29 & Circle Woods Dr,31.0,32.0,63.0,38.869114,-77.271538
382,Glade Dr & Pinecrest Rd/Cathy Hudgins Cmty Ctr,23.0,24.0,47.0,38.941496,-77.366499
383,Wisconsin Ave & Ingomar St NW,155.0,149.0,304.0,38.958267,-77.084636
384,Joyce St & 16th St S,238.0,240.0,478.0,38.859254,-77.063275
385,Spring St & 2nd Ave,30.0,19.0,49.0,38.997653,-77.034499
386,Seatrend Way & Topsails Ln,13.0,15.0,28.0,38.775639,-77.160014
387,Lyttonsville Rd & Lyttonsville Pl,33.0,32.0,65.0,38.999679,-77.051168
388,Oak Leaf & Lockwood,4.0,3.0,7.0,39.037981,-76.994539
389,South St & University Dr,3.0,5.0,8.0,38.844249,-77.305336
390,Broad Branch Rd & Northampton St NW,103.0,105.0,208.0,38.965775,-77.068626
391,22nd & H St NW,866.0,892.0,1758.0,38.898925,-77.048852
392,Friendship Hts Metro / Wisconsin Ave & Wisconsin Cir,274.0,260.0,534.0,38.961763,-77.085998
393,20th & M St NW ,895.0,1005.0,1900.0,38.905496,-77.044976
394,15th & M St NW,1002.0,935.0,1937.0,38.905424,-77.034674
395,16th St & North Carolina Ave NE,461.0,429.0,890.0,38.893062,-76.982464
396,North Capitol & Douglas St NW / Reservoir Park Rec ,299.0,274.0,573.0,38.923613,-77.009814
397,Maryland Ave & E St NE,1070.0,1033.0,2103.0,38.896226,-76.992786
398,Westover Library / Washington Blvd & N McKinley Rd,63.0,62.0,125.0,38.886048,-77.142317
399,Chillum Rd & Riggs Rd / Riggs Plaza,161.0,155.0,316.0,38.961737,-76.995922
400,Huntington Metro North,27.0,26.0,53.0,38.79555,-77.075165
401,55th & East Capitol St NE,11.0,13.0,24.0,38.889926,-76.922783
402,South Dakota Ave & Decatur St NE ,82.0,94.0,176.0,38.948307,-76.991829
403,Temporary Rd & Old Reston Ave,18.0,19.0,37.0,38.960084,-77.353414
404,Arlington Blvd & S George Mason Dr,115.0,116.0,231.0,38.869442,-77.104503
405,Westbranch Dr & Maitland St,7.0,7.0,14.0,38.927943,-77.220829
406,Castle Blvd & Castle Ln,1.0,2.0,3.0,39.085314,-76.940547
407,Olde Crafts Dr and Cartwright Pl,1.0,1.0,2.0,38.938797,-77.354067
408,Grandview & Blueridge Ave,16.0,17.0,33.0,39.043272,-77.053085
409,GMU/Horizon Hall & Harris Theater,12.0,18.0,30.0,38.831211,-77.308069
410,Walker Mill Road/ Walker Mill Regional Park ,4.0,2.0,6.0,38.875772,-76.868767
411,Amherst Ave & Prichard Rd,5.0,7.0,12.0,39.035965,-77.048395
412,White Oak Rec Center,11.0,10.0,21.0,39.046144,-76.975723
413,Crescent Rd & Ridge Rd,19.0,14.0,33.0,39.006191,-76.891247
414,Motiva Greenbelt,4.0,5.0,9.0,39.010335,-76.897747
415,Soapstone Dr Convenience Center,4.0,6.0,10.0,38.93051,-77.345874
416,Army Navy Dr & S Nash St,50.0,50.0,100.0,38.86215,-77.068121
417,Columbia Rd & Georgia Ave NW,1248.0,1009.0,2257.0,38.928121,-77.023795
418,Rosedale Rec Center,287.0,291.0,578.0,38.897808,-76.979634
419,2nd St & Seaton Pl NE,609.0,532.0,1141.0,38.914751,-77.00356
420,15th & L St NW,888.0,946.0,1834.0,38.903967,-77.034602
421,Tanger Outlets,65.0,52.0,117.0,38.7968,-77.0026
422,Carlin Springs Rd & N Thomas St,148.0,115.0,263.0,38.876695,-77.112982
423,Medical Center Metro ,103.0,98.0,201.0,38.999378,-77.097882
424,Town Center Pkwy & Bowman Towne Dr,38.0,40.0,78.0,38.962524,-77.361902
425,Georgia Ave & Kennedy St NW,152.0,140.0,292.0,38.95674,-77.02791
426,N. Beauregard St. & Berkley St.,66.0,45.0,111.0,38.841548,-77.107734
427,Nebraska & Utah Ave NW,102.0,108.0,210.0,38.967291,-77.060662
428,8th & D St NW,791.0,882.0,1673.0,38.894851,-77.02324
429,Clark St & 26th St S,185.0,187.0,372.0,38.850688,-77.05152
430,5th & F St NW,880.0,995.0,1875.0,38.897222,-77.019347
431,Georgia & New Hampshire Ave NW,1517.0,1396.0,2913.0,38.936684,-77.024181
432,New Mexico & Cathedral Ave NW,166.0,156.0,322.0,38.930316,-77.083704
433,Congressional Ln & E Jefferson St,40.0,39.0,79.0,39.06219,-77.129235
434,Briggs Chaney & Castle Dr,3.0,5.0,8.0,39.081638,-76.945495
435,Whiting & Lane Dr,19.0,18.0,37.0,38.809709,-77.135788
436,McLean Metro,32.0,40.0,72.0,38.924002,-77.208127
437,Rockville Pike & Rose Ave,24.0,25.0,49.0,39.051022,-77.115438
438,12th & U St NW,942.0,923.0,1865.0,38.916787,-77.028139
439,18th St & Pennsylvania Ave NW,744.0,793.0,1537.0,38.89968,-77.041539
440,3rd & Elm St NW,1137.0,1142.0,2279.0,38.917622,-77.01597
441,14th & R St NW,2767.0,2769.0,5536.0,38.913046,-77.032008
442,New Hampshire Ave & T St NW,3991.0,3962.0,7953.0,38.915544,-77.038252
443,Connecticut Ave & Yuma St NW,344.0,298.0,642.0,38.947156,-77.065115
444,3000 Connecticut Ave NW / National Zoo,586.0,524.0,1110.0,38.930282,-77.055599
445,Ward Circle / American University,621.0,594.0,1215.0,38.938736,-77.087171
446,Philadelphia & Maple Ave,56.0,63.0,119.0,38.981251,-77.011208
447,Reston Cmty Ctr/Hunters Woods Plaza,14.0,17.0,31.0,38.936419,-77.360996
448,Potomac Ave & 8th St SE,368.0,390.0,758.0,38.876737,-76.994468
449,W&OD Trail & Langston Blvd,132.0,125.0,257.0,38.88715,-77.16212
450,Nannie Helen Burroughs Ave & 49th St NE,29.0,27.0,56.0,38.898536,-76.931862
451,Westpark & Park Run Dr,9.0,6.0,15.0,38.928854,-77.22518
452,Columbia Pike & S Orme St,41.0,43.0,84.0,38.867217,-77.072296
453,Fairfax Blvd & Pickett Rd North,7.0,13.0,20.0,38.865091,-77.271911
454,Sunrise Valley Dr & Roland Clarke Pl,14.0,18.0,32.0,38.949366,-77.350396
455,Garland Ave & Walden Rd,27.0,27.0,54.0,39.00048,-77.00077
456,Old Meadow Rd & Cathy Ln,19.0,13.0,32.0,38.916703,-77.214448
457,5th & Morse St NE,1566.0,1546.0,3112.0,38.907287,-76.999167
458,Eckington Pl & Q St NE,1561.0,1553.0,3114.0,38.91066,-77.004615
459,4th & M St SW,2087.0,2131.0,4218.0,38.876941,-77.017807
460,Court House Metro / 15th St & N Uhle St,735.0,737.0,1472.0,38.890612,-77.084801
461,13th St & New York Ave NW,688.0,781.0,1469.0,38.900283,-77.029822
462,Georgetown Harbor / 30th St NW,894.0,1125.0,2019.0,38.902268,-77.059117
463,4th & M St SE,776.0,873.0,1649.0,38.876751,-77.000736
464,Washington-Liberty High School / N Stafford St & Generals Way,359.0,330.0,689.0,38.888282,-77.111066
465,17th St & Independence Ave SW,675.0,679.0,1354.0,38.888097,-77.038325
466,Massachusetts Ave & 6th St NE,784.0,761.0,1545.0,38.892875,-76.998413
467,North Capitol St & G Pl NE,570.0,572.0,1142.0,38.899703,-77.008911
468,Columbia & Ontario Rd NW,2077.0,1909.0,3986.0,38.924088,-77.040787
469,8th & East Capitol St NE,560.0,533.0,1093.0,38.889988,-76.995193
470,Lincoln Rd & Seaton Pl NE/Harry Thomas Rec Center,539.0,433.0,972.0,38.915,-77.0078
471,22nd & I St NW / Foggy Bottom,1689.0,1743.0,3432.0,38.90088,-77.048911
472,Langston Blvd & N Adams St,464.0,353.0,817.0,38.89593,-77.089006
473,19th & East Capitol St SE,496.0,501.0,997.0,38.8896,-76.9769
474,Fessenden St & Wisconsin Ave NW,156.0,154.0,310.0,38.954812,-77.082426
475,D St & Maryland Ave NE,1247.0,1161.0,2408.0,38.894841,-76.995916
476,12th & Newton St NE,289.0,280.0,569.0,38.933668,-76.991016
477,Montgomery Ave & Waverly St ,102.0,84.0,186.0,38.983838,-77.09221
478,N Oak St & W Broad St,34.0,34.0,68.0,38.88837,-77.179832
479,27th St & Woodley Rd NW,202.0,172.0,374.0,38.925764,-77.055113
480,WAU / Flower Ave & Division St,100.0,84.0,184.0,38.986743,-77.000035
481,Rhode Island & Connecticut Ave NW,963.0,1005.0,1968.0,38.905996,-77.039802
482,Capitol Ave & Kendall St NE,175.0,152.0,327.0,38.910993,-76.985854
483,New Hampshire & Gallatin St NW,536.0,439.0,975.0,38.951596,-77.012808
484,3rd & M St SE,479.0,505.0,984.0,38.876823,-77.002161
485,Montello Ave & Holbrook Terr NE,718.0,718.0,1436.0,38.907444,-76.986813
486,Huntington Ave & Old Richmond Hwy ,31.0,30.0,61.0,38.790547,-77.063398
487,Spring Hill Metro,13.0,11.0,24.0,38.929261,-77.240654
488,S Arlington Mill Dr & Campbell Ave,164.0,165.0,329.0,38.84232,-77.089555
489,Convention Center / 7th & M St NW,1534.0,1504.0,3038.0,38.905737,-77.02227
490,N Lynn St & Fairfax Dr,361.0,390.0,751.0,38.89386,-77.070862
491,6th & H St NE,2139.0,2145.0,4284.0,38.899972,-76.998347
492,Arlington Mill Cmty Center / Columbia Pike & S Dinwiddie St,157.0,167.0,324.0,38.856319,-77.11153
493,10th St & L'Enfant Plaza SW,432.0,420.0,852.0,38.884323,-77.02601
494,Wilson Blvd & N Quincy St,453.0,426.0,879.0,38.880012,-77.107854
495,4th & East Capitol St NE,950.0,945.0,1895.0,38.889955,-77.000349
496,Eastern Market Metro,3303.0,3324.0,6627.0,38.884181,-76.995358
497,9th & N St NW ,1528.0,1550.0,3078.0,38.906622,-77.023885
498,Georgia & Missouri Ave NW,453.0,425.0,878.0,38.961339,-77.027855
499,Connecticut Ave & McKinley St NW,158.0,158.0,316.0,38.964544,-77.075135
500,Eisenhower Ave & Mill Race Ln,155.0,141.0,296.0,38.801111,-77.068952
501,New Hampshire Ave & 24th St NW,1449.0,1499.0,2948.0,38.901755,-77.051084
502,Columbia Rd & Belmont St NW,1710.0,1664.0,3374.0,38.920669,-77.04368
503,Wilson Blvd & N Franklin Rd,345.0,236.0,581.0,38.8904,-77.0889
504,Crystal Dr & 15th St S,390.0,399.0,789.0,38.861056,-77.049417
505,17th & Corcoran St NW,2408.0,2406.0,4814.0,38.9121,-77.0387
506,25th St & Pennsylvania Ave NW,1680.0,1754.0,3434.0,38.903827,-77.053485
507,15th & K St NW,692.0,712.0,1404.0,38.902,-77.03353
508,Main Line Blvd & E Glebe,198.0,206.0,404.0,38.832431,-77.049772
509,11th & O St NW,1399.0,1402.0,2801.0,38.908431,-77.027088
510,14th & Newton St NW,1138.0,973.0,2111.0,38.931991,-77.032956
511,19th St & Constitution Ave NW,317.0,327.0,644.0,38.892212,-77.043074
512,Bladensburg Rd & Benning Rd NE,191.0,205.0,396.0,38.900413,-76.982872
513,9th & Upshur St NW,972.0,946.0,1918.0,38.9418,-77.0251
514,Tyco Rd & Boyd Pointe Way,6.0,10.0,16.0,38.930767,-77.241436
515,Thomas Circle,1425.0,1432.0,2857.0,38.9059,-77.0325
516,14th & Q St NW,1683.0,1713.0,3396.0,38.910674,-77.03188
517,18th St & Ingleside Ter NW,697.0,537.0,1234.0,38.934784,-77.041362
518,19th St N & Ft Myer Dr,570.0,672.0,1242.0,38.897218,-77.072143
519,1st & I St SE,1829.0,1854.0,3683.0,38.878854,-77.005727
520,M St & New Jersey Ave SE,762.0,778.0,1540.0,38.876219,-77.004169
521,10th St & Constitution Ave NW,453.0,453.0,906.0,38.893028,-77.026013
522,18th & New Hampshire Ave NW,2402.0,2398.0,4800.0,38.911268,-77.041829
523,Mount Vernon Ave & Bruce St,70.0,75.0,145.0,38.841291,-77.063093
524,N Veitch St & Key Blvd,150.0,139.0,289.0,38.893237,-77.086063
525,Rolfe St & 9th St S,146.0,154.0,300.0,38.866471,-77.076131
526,S Troy St & 26th St S,122.0,134.0,256.0,38.848381,-77.075184
527,13th & U St NW,1774.0,1813.0,3587.0,38.916936,-77.029631
528,Langston Blvd & N Scott St,367.0,370.0,737.0,38.897612,-77.080851
529,Monroe Ave & Leslie Ave,139.0,151.0,290.0,38.820932,-77.053096
530,Merrilee Dr & Lauren Elizabeth Lane,41.0,39.0,80.0,38.878572,-77.230766
531,15th & P St NW,3471.0,3499.0,6970.0,38.909801,-77.034427
532,N Pershing Dr & N Wayne St,191.0,178.0,369.0,38.880705,-77.08596
533,15th St & Pennsylvania Ave NW,755.0,856.0,1611.0,38.896465,-77.033381
534,8th Rd & S Frederick St,108.0,115.0,223.0,38.857049,-77.116339
535,16th & Irving St NW,1191.0,1106.0,2297.0,38.928893,-77.03625
536,George Mason Dr & Wilson Blvd,228.0,221.0,449.0,38.87887,-77.1207
537,Arlington Blvd & Ft Myer Dr,216.0,208.0,424.0,38.890863,-77.074893
538,Reed & Edison,76.0,76.0,152.0,38.83728,-77.060899
539,8th & F St NE,1243.0,1237.0,2480.0,38.897274,-76.994749
540,Tanner Park,1267.0,1234.0,2501.0,38.911214,-77.002257
541,American University East Campus,631.0,615.0,1246.0,38.936298,-77.087128
542,8th & H St NW,1887.0,2074.0,3961.0,38.8997,-77.023086
543,Kennebec St & 11th St N,246.0,244.0,490.0,38.880992,-77.135271
544,Lincoln Memorial,1544.0,1532.0,3076.0,38.888255,-77.049437
545,14th St & New York Ave NW,708.0,833.0,1541.0,38.899632,-77.031686
546,1st & M St SE,918.0,978.0,1896.0,38.876893,-77.006072
547,N Roosevelt St & Roosevelt Blvd,84.0,92.0,176.0,38.878085,-77.153953
548,Iwo Jima Memorial / Meade & 14th St N,275.0,269.0,544.0,38.88992,-77.071301
549,21st & E St NW,664.0,689.0,1353.0,38.896114,-77.046615
550,Calvert St & Woodley Pl NW,1159.0,1115.0,2274.0,38.923583,-77.050046
551,Long Bridge Aquatic Center,246.0,242.0,488.0,38.870561,-77.044095
552,Half & I St SW ,761.0,790.0,1551.0,38.879262,-77.011016
553,15th St & N Scott St,291.0,291.0,582.0,38.89054,-77.08095
554,Calvert & Biltmore St NW,693.0,524.0,1217.0,38.923203,-77.047637
555,King St & N Pitt St,210.0,210.0,420.0,38.804801,-77.044676
556,Crystal Dr & 20th St S,419.0,428.0,847.0,38.856425,-77.049232
557,Henry Bacon Dr & Lincoln Memorial Circle NW,1190.0,1191.0,2381.0,38.890539,-77.049383
558,7th & E St SW,407.0,424.0,831.0,38.88345,-77.021741
559,1st & Rhode Island Ave NW,1824.0,1867.0,3691.0,38.915417,-77.012289
560,Washington Blvd & 7th St N,175.0,147.0,322.0,38.88081,-77.090792
561,16th & R St NW,1343.0,1351.0,2694.0,38.912652,-77.036278
562,Wisconsin Ave & O St NW,1733.0,1895.0,3628.0,38.90849,-77.063586
563,11th & V St NW,1080.0,1088.0,2168.0,38.918199,-77.027171
564,1st & L St NW,601.0,594.0,1195.0,38.903819,-77.011987
565,Clarendon Blvd & Pierce St,511.0,524.0,1035.0,38.893438,-77.076389
566,10th & Monroe St NE,421.0,327.0,748.0,38.932457,-76.993534
567,Wilson Blvd & N Uhle St,438.0,424.0,862.0,38.891696,-77.0846
568,Richmond Hwy & Swann Ave,82.0,72.0,154.0,38.829222,-77.050979
569,Fairfax Dr & N Randolph St,256.0,216.0,472.0,38.882629,-77.109366
570,1st & D St SE,861.0,863.0,1724.0,38.884916,-77.005965
571,Wisconsin Ave & Rodman St NW,373.0,232.0,605.0,38.939674,-77.075277
572,11th & Clifton St NW,1109.0,929.0,2038.0,38.922143,-77.027122
573,13th & H St NE,1547.0,1530.0,3077.0,38.900427,-76.98825
574,Virginia Square Metro / Monroe St & 9th St N,550.0,513.0,1063.0,38.882788,-77.103148
575,3rd & H St NE,1364.0,1368.0,2732.0,38.900412,-77.001949
576,Founders Row/W Broad St & West St,85.0,94.0,179.0,38.890155,-77.183178
577,Wilson Blvd & N Illinois St ,130.0,115.0,245.0,38.876528,-77.12712
578,Potomac & Pennsylvania Ave SE,650.0,662.0,1312.0,38.880015,-76.9865
579,4th & O St SW,579.0,614.0,1193.0,38.872964,-77.017585
580,15th St & New York Ave NW,784.0,890.0,1674.0,38.899032,-77.033354
581,Reservoir Rd & 38th St NW,1431.0,1442.0,2873.0,38.912614,-77.074323
582,Gravelly Point,462.0,449.0,911.0,38.865029,-77.039511
583,Colorado Ave & Longfellow St NW,615.0,512.0,1127.0,38.957212,-77.032707
584,Half & Water St SW,360.0,390.0,750.0,38.866277,-77.010551
585,1st & Q St SW,383.0,394.0,777.0,38.870824,-77.011915
586,17th & P St NW,1995.0,2062.0,4057.0,38.909858,-77.038566
587,Washington Blvd & N Frederick St,35.0,37.0,72.0,38.884829,-77.127671
588,1st & N St SE,792.0,812.0,1604.0,38.875023,-77.005754
589,Arlington Blvd & N Queen St,182.0,182.0,364.0,38.889249,-77.077209
590,19th St & Pennsylvania Ave NW,442.0,441.0,883.0,38.9003,-77.0429
591,Park Rd & Holmead Pl NW,1777.0,1555.0,3332.0,38.9308,-77.0315
592,Langston Blvd & N Woodstock St,226.0,211.0,437.0,38.898301,-77.118009
593,Pentagon City Metro / 12th St & S Hayes St,609.0,612.0,1221.0,38.862303,-77.059936
594,Columbus Circle / Union Station,4023.0,4034.0,8057.0,38.89696,-77.00493
595,Maine Ave & Water St SW,665.0,701.0,1366.0,38.876747,-77.020945
596,17th & K St NW,1731.0,1828.0,3559.0,38.90276,-77.03863
597,20th St & Columbia Rd NW,1584.0,1477.0,3061.0,38.918103,-77.045469
598,GMU/Fairfax Dr & Kenmore St,319.0,261.0,580.0,38.884703,-77.100302
599,23rd & E St NW ,609.0,615.0,1224.0,38.896104,-77.049882
600,16th & Harvard St NW,1933.0,1695.0,3628.0,38.926102,-77.03665
601,L'Enfant Plaza / 7th & C St SW,541.0,545.0,1086.0,38.886266,-77.022241
602,King St & Peyton St,94.0,95.0,189.0,38.806002,-77.055911
603,Duke St & Strand (Robinson Terminal),82.0,96.0,178.0,38.801947,-77.040293
604,Florida Ave & R St NW,1250.0,1275.0,2525.0,38.9126,-77.0135
605,Rosslyn Metro / Wilson Blvd & N Moore St,899.0,925.0,1824.0,38.896087,-77.071452
606,14th & V St NW,3417.0,3428.0,6845.0,38.917765,-77.032096
607,Wisconsin Ave & Brandywine St NW,300.0,241.0,541.0,38.949813,-77.080217
608,18th St & Belmont Rd NW,1023.0,979.0,2002.0,38.920925,-77.042071
609,Adams Mill & Columbia Rd NW,2798.0,2659.0,5457.0,38.922849,-77.042525
610,Tenleytown / Wisconsin Ave & Albemarle St NW,807.0,784.0,1591.0,38.947607,-77.079382
611,Connecticut Ave & Tilden St NW,343.0,293.0,636.0,38.941139,-77.061977
612,11th & Park Rd NW,1434.0,1289.0,2723.0,38.931322,-77.028247
613,21st St & N Pierce St,203.0,207.0,410.0,38.898984,-77.078317
614,Wilson Blvd & N Troy St,237.0,234.0,471.0,38.892556,-77.082089
615,Crystal Dr & 23rd St S,269.0,267.0,536.0,38.853328,-77.049806
616,2nd & V St SW / James Creek Marina,495.0,542.0,1037.0,38.863743,-77.013814
617,12th St & New York Ave NW,865.0,911.0,1776.0,38.901104,-77.028061
618,10th & K St NW,1075.0,1105.0,2180.0,38.9024,-77.02622
619,39th St & Tunlaw Rd NW,481.0,441.0,922.0,38.9257,-77.079119
620,36th & Calvert St NW / Glover Park,466.0,429.0,895.0,38.922581,-77.070334
621,Thomas Jefferson St NW & Water/K St NW,675.0,828.0,1503.0,38.902826,-77.060173
622,Trinidad Rec Center,344.0,319.0,663.0,38.906299,-76.983221
623,Rock Creek Pkwy & Pkwy Dr NW ,281.0,278.0,559.0,38.8919,-77.054517
624,17th & K St NW / Farragut Square,1295.0,1373.0,2668.0,38.902061,-77.038322
625,14th & Harvard St NW,752.0,644.0,1396.0,38.9268,-77.0322
626,Wilson Blvd & N Quinn St,526.0,528.0,1054.0,38.893993,-77.07857
627,Gallaudet / 8th St & Florida Ave NE,376.0,341.0,717.0,38.90509,-76.9941
628,20th & E St NW,645.0,681.0,1326.0,38.8963,-77.045
629,1st & O St NW,945.0,984.0,1929.0,38.908643,-77.012365
630,20th & L St NW,674.0,714.0,1388.0,38.903584,-77.044789
631,Kansas Ave & Sherman Cr NW,556.0,474.0,1030.0,38.947962,-77.02155
632,Hardy Rec Center,509.0,505.0,1014.0,38.909701,-77.085646
633,2nd & U St SW,541.0,583.0,1124.0,38.866349,-77.01362
634,New Jersey Ave & F St NW,1612.0,1742.0,3354.0,38.897108,-77.011616
635,S Glebe Rd & Potomac Ave,112.0,103.0,215.0,38.8426,-77.0502
636,10th St & Florida Ave NW,1410.0,1416.0,2826.0,38.920387,-77.025672
637,Georgia Ave & Fairmont St NW,638.0,541.0,1179.0,38.924785,-77.022327
638,22nd St & Constitution Ave NW,411.0,422.0,833.0,38.892441,-77.048947
639,22nd & P ST NW,1464.0,1547.0,3011.0,38.909394,-77.048728
640,23rd & M St NW,1685.0,1788.0,3473.0,38.905303,-77.050264
641,17th St & Rhode Island Ave NW,1080.0,1075.0,2155.0,38.906767,-77.038627
642,Columbia Pike & S Highland St,111.0,116.0,227.0,38.862398,-77.089133
643,Clarendon Metro / Wilson Blvd & N Highland St,858.0,783.0,1641.0,38.88701,-77.095257
644,S Four Mile Run Dr & Shirlington Rd,76.0,84.0,160.0,38.8444,-77.085931
645,23rd St S & Hayes St,139.0,132.0,271.0,38.853002,-77.059496
646,Smithsonian-National Mall / Jefferson Dr & 12th St SW,848.0,866.0,1714.0,38.888774,-77.028694
647,Canal Center Plaza & Fairfax St,94.0,114.0,208.0,38.814659,-77.040146
648,14th St & Rhode Island Ave NW,2315.0,2347.0,4662.0,38.9086,-77.0323
649,39th & Veazey St NW,319.0,225.0,544.0,38.943837,-77.077078
650,Union Market,982.0,997.0,1979.0,38.907908,-76.99707
651,Park Pl & Rock Creek Church Rd NW,796.0,637.0,1433.0,38.937135,-77.019125
652,Potomac Ave & 35th St S,172.0,171.0,343.0,38.844015,-77.050537
653,Market Square / King St & Royal St,216.0,244.0,460.0,38.804718,-77.043363
654,Potomac Ave & Half St SW,375.0,454.0,829.0,38.869683,-77.010815
655,2nd St & Massachusetts Ave NE,1239.0,1244.0,2483.0,38.894972,-77.003135
656,8th & K St NE,570.0,585.0,1155.0,38.902594,-76.995141
657,Columbia Pike & W&OD Trail ,111.0,112.0,223.0,38.856645,-77.109609
658,Connecticut & Nebraska Ave NW,490.0,433.0,923.0,38.955016,-77.069956
659,20th & Q St NW,2123.0,2139.0,4262.0,38.911086,-77.045061
660,4th & D St NW / Judiciary Square,419.0,438.0,857.0,38.895344,-77.016106
661,Fort Stanton Rec Center,10.0,6.0,16.0,38.857369,-76.977688
662,Alabama Ave & Stanton Rd SE / Shops at Park Village,39.0,37.0,76.0,38.84627,-76.98185
663,Stadium Armory Metro,316.0,282.0,598.0,38.885483,-76.977187
664,Mount Vernon Ave & E Nelson Ave,112.0,123.0,235.0,38.820064,-77.057619
665,3rd St & Riggs Rd NE,204.0,204.0,408.0,38.957463,-77.002239
666,Woodmont Ave & Strathmore St,214.0,193.0,407.0,38.979875,-77.093522
667,1st & Washington Hospital Center NW,591.0,514.0,1105.0,38.928743,-77.012457
668,Potomac Yard Metro South,232.0,237.0,469.0,38.833437,-77.047846
669,9th & Ingraham St NW,521.0,463.0,984.0,38.953663,-77.025613
670,4th & College St NW,297.0,269.0,566.0,38.921233,-77.018135
671,8th & Eye St SE / Barracks Row,447.0,450.0,897.0,38.8792,-76.9953
672,Kansas Ave & Blair Rd NW,232.0,216.0,448.0,38.962347,-77.010457
673,6th & K St NE,752.0,748.0,1500.0,38.902932,-76.998405
674,Mt Vernon Trail & S. Washington St.,182.0,182.0,364.0,38.793065,-77.049436
675,Oklahoma Ave & D St NE,266.0,275.0,541.0,38.894474,-76.974828
676,King Greenleaf Rec Center,216.0,253.0,469.0,38.876211,-77.012443
677,Vy Reston Heights,21.0,17.0,38.0,38.949008,-77.355299
678,Takoma Metro,933.0,786.0,1719.0,38.975219,-77.016855
679,Georgia Ave & Dahlia St NW,451.0,397.0,848.0,38.976061,-77.026747
680,Columbia Pike & S Walter Reed Dr,83.0,81.0,164.0,38.862478,-77.086599
681,King St Metro North / Cameron St,331.0,334.0,665.0,38.80704,-77.059817
682,Wheaton Metro / Georgia Ave & Reedie Dr,50.0,41.0,91.0,39.038424,-77.05102
683,Columbia Pike & Monroe St,130.0,137.0,267.0,38.860344,-77.093672
684,Anacostia Park,71.0,74.0,145.0,38.873308,-76.983363
685,Wilson Blvd & N Vermont St,154.0,147.0,301.0,38.879477,-77.114563
686,18th St & Rhode Island Ave NE,117.0,115.0,232.0,38.927095,-76.978924
687,Duke St & John Carlyle St,102.0,92.0,194.0,38.804378,-77.060866
688,Kenilworth Terr & Hayes St. NE,53.0,65.0,118.0,38.900468,-76.947287
689,John McCormack Rd & Michigan Ave NE,283.0,280.0,563.0,38.9346,-76.9955
690,Barcroft Community Center,121.0,126.0,247.0,38.850337,-77.100989
691,Anacostia Ave & East Capitol St NE,90.0,94.0,184.0,38.890461,-76.96128
692,12th & Irving St NE,334.0,332.0,666.0,38.928644,-76.990955
693,Friendship Blvd & Willard Ave,130.0,118.0,248.0,38.96115,-77.088659
694,Amherst Ave & Elkins St,11.0,10.0,21.0,39.044887,-77.047788
695,Royal St & Wilkes St,86.0,99.0,185.0,38.799267,-77.0447
696,S Randolph St & Campbell Ave,72.0,71.0,143.0,38.840654,-77.088659
697,Ridge Heights and Owl Cove Ln,10.0,6.0,16.0,38.933923,-77.331653
698,Town Center Pkwy & Sunset Hills Rd,27.0,21.0,48.0,38.955171,-77.363094
699,South Dakota Ave & 33rd St NE,21.0,23.0,44.0,38.921986,-76.960696
700,St. Elizabeths West Campus/DHSÂ ,104.0,95.0,199.0,38.853124,-77.005174
701,Kingsbridge Dr & Draper Dr,3.0,5.0,8.0,38.868545,-77.282083
702,10th & Quincy St NE / Turkey Thicket Rec,325.0,300.0,625.0,38.937849,-76.993509
703,Library St & Freedom Dr,36.0,39.0,75.0,38.959633,-77.358741
704,Fort Totten Metro,1186.0,1128.0,2314.0,38.952369,-77.002721
705,South Dakota Ave & Bladensburg Rd NE,35.0,34.0,69.0,38.9252,-76.964896
706,Rhode Island Ave & 39th St / Brentwood Arts Exchange,76.0,73.0,149.0,38.939271,-76.955047
707,Kansas Ave & Tuckerman St NW / Lamond Rec ,37.0,35.0,72.0,38.967492,-77.007003
708,S Wayne St and 9th St S,118.0,121.0,239.0,38.864694,-77.082491
709,Anacostia Metro,204.0,194.0,398.0,38.862487,-76.99489
710,Ridge Rd & Southern Ave SE,11.0,12.0,23.0,38.872976,-76.935246
711,34th St & Minnesota Ave SE,15.0,16.0,31.0,38.883843,-76.957511
712,13th St & Eastern Ave,63.0,49.0,112.0,38.987,-77.029417
713,Rockville Pike & Old Georgetown Rd,16.0,12.0,28.0,39.049765,-77.11368
714,New Hampshire Ave & East-West Hwy,66.0,51.0,117.0,38.974205,-76.995227
715,Pooks Hill Rd & Linden Ave,50.0,56.0,106.0,39.014716,-77.107143
716,Congress Heights Metro,103.0,98.0,201.0,38.844711,-76.987823
717,Valley Ave & Wheeler Rd SE,23.0,14.0,37.0,38.836646,-76.993589
718,Wheaton Library & Community Rec Center,18.0,17.0,35.0,39.047323,-77.051097
719,Dunn Loring Metro,133.0,129.0,262.0,38.8828,-77.2283
720,40th Ave & Bladensburg Rd,53.0,55.0,108.0,38.935388,-76.949287
721,53rd & D St SE/C.W. Harris Elementary,22.0,19.0,41.0,38.883318,-76.925315
722,N Hampton Dr & Ford Ave,26.0,28.0,54.0,38.837306,-77.106111
723,Duke St & Jordan St,32.0,34.0,66.0,38.812187,-77.10994
724,Witter Field,23.0,24.0,47.0,38.805524,-77.078791
725,Kenmore Ave & Seminary Rd,40.0,33.0,73.0,38.828887,-77.110588
726,Mississippi Ave & 19th St SE / THEARC,13.0,13.0,26.0,38.84377,-76.97557
727,Prosperity Ave & Avenir Pl,19.0,16.0,35.0,38.881436,-77.230377
728,S Pickett St & Shillings St,25.0,30.0,55.0,38.804486,-77.132334
729,Fenton St & Gist Ave,112.0,97.0,209.0,38.989724,-77.023854
730,Van Dorn Metro,45.0,39.0,84.0,38.800077,-77.129943
731,47th & Elm St,94.0,88.0,182.0,38.982456,-77.091991
732,South Capitol & Atlantic St SW,45.0,41.0,86.0,38.831516,-77.008133
733,East West Hwy & Blair Mill Rd,74.0,57.0,131.0,38.990249,-77.02935
734,Silver Spring Transit Center - Top Level,101.0,81.0,182.0,38.994035,-77.030371
735,Offutt Ln & Chevy Chase Dr,79.0,69.0,148.0,38.977093,-77.094589
736,1st & S Capitol St SE / Oxon Run Trail,37.0,41.0,78.0,38.824481,-77.005497
737,Livingston Rd & 3rd St SE,12.0,10.0,22.0,38.82373,-77.00223
738,Howard Rd & Suitland Pkwy SE,44.0,38.0,82.0,38.865149,-77.001045
739,Fort Totten Dr & Crittenden St NE,77.0,76.0,153.0,38.948227,-77.006444
740,South Lakes Dr and Reston Pkwy,6.0,13.0,19.0,38.94335,-77.362304
741,N Howard St & N Imboden St,19.0,19.0,38.0,38.818509,-77.105564
742,Benning Branch Library,45.0,53.0,98.0,38.894,-76.947974
743,Virginia Theological Seminary,7.0,5.0,12.0,38.820152,-77.093879
744,Anacostia Ave & Benning Rd NE / River Terrace ,98.0,90.0,188.0,38.896544,-76.96012
745,Bladensburg Waterfront Park,102.0,96.0,198.0,38.934324,-76.938248
746,Tysons Metro North,47.0,45.0,92.0,38.920939,-77.222115
747,W&OD Trail & Explorer St/Reston Bus Station,51.0,53.0,104.0,38.957037,-77.359718
748,Lake Newport Rd and Autumn Ridge Cir,12.0,10.0,22.0,38.978503,-77.353454
749,Madrillon Rd & Boss St,10.0,10.0,20.0,38.910016,-77.226266
750,Fairfax Blvd & Pickett Rd South,14.0,15.0,29.0,38.86476,-77.271483
751,George Mason Blvd & Armstrong St,7.0,7.0,14.0,38.841099,-77.30718
752,GMU/Patriot Cir & York Dr,11.0,16.0,27.0,38.827501,-77.304157
753,Baron Cameron Ave & North Hampton Ave,26.0,23.0,49.0,38.966344,-77.359341
754,Benning Rd & East Capitol St NE / Benning Rd Metro,100.0,96.0,196.0,38.889935,-76.93723
755,Dulles Technology Dr & Sunrise Valley Dr,17.0,16.0,33.0,38.95665,-77.413788
756,S Wakefield St & 28th St S,43.0,41.0,84.0,38.84404,-77.098093
757,White Oak Transit Center,7.0,7.0,14.0,39.04104,-76.987125
758,Stewart Ln & Old Columbia Pike,13.0,7.0,20.0,39.045652,-76.985438
759,New Hampshire & Kirklynn Ave,50.0,52.0,102.0,38.988101,-76.988422
760,Hilltop Rd & Willowmere Dr ,8.0,4.0,12.0,38.876903,-77.241518
761,S Washington St & Wilkes St,40.0,42.0,82.0,38.800703,-77.048043
762,Merrifield Cinema & Merrifield Town Center,35.0,38.0,73.0,38.870093,-77.22997
763,1301 McCormick Dr / Wayne K. Curry Admin Bldg,14.0,14.0,28.0,38.908391,-76.843263
764,Roosevelt Center & Crescent Rd,13.0,11.0,24.0,39.00031,-76.878005
765,Tysons Metro South,43.0,48.0,91.0,38.919475,-77.221179
766,The Mall at Prince Georges,87.0,74.0,161.0,38.968842,-76.954171
767,Northwestern High School,55.0,50.0,105.0,38.975505,-76.952199
768,31st St & S Woodrow St,24.0,26.0,50.0,38.837846,-77.093478
769,Veterans Pl & Pershing Dr ,44.0,45.0,89.0,38.997445,-77.023894
770,Oglethorpe St & 42nd Ave,105.0,114.0,219.0,38.959361,-76.946361
771,Huntington Ave & Farrington Ave ,12.0,7.0,19.0,38.795064,-77.072118
772,North Shore Dr & Village Rd,10.0,10.0,20.0,38.970412,-77.340787
773,Martha Custis Dr & Lyons Ln,23.0,13.0,36.0,38.841871,-77.082124
774,Frederick Ave & Horners Ln,7.0,7.0,14.0,39.094772,-77.145213
775,Fleet St & Ritchie Pkwy,16.0,11.0,27.0,39.076331,-77.141378
776,Pennsylvania Ave & Park Ave,63.0,59.0,122.0,38.887403,-77.176992
777,W Broad St & Little Falls St,55.0,55.0,110.0,38.883601,-77.173438
778,Hartland Rd & Harte Pl,4.0,4.0,8.0,38.878601,-77.222808
779,Dennis Ave & Amherst Ave,13.0,14.0,27.0,39.025387,-77.044563
780,Charles Arrington Dr & Manchester Lakes Dr ,19.0,22.0,41.0,38.766844,-77.150359
781,41st St & Alabama Ave SE / Fort Davis Rec,9.0,9.0,18.0,38.870353,-76.945283
782,Takoma Park Rec Center,22.0,22.0,44.0,38.98265,-76.988311
783,Windham Ln & Amherst Ave,16.0,18.0,34.0,39.032029,-77.04735
784,Fairfax Village,40.0,31.0,71.0,38.86559,-76.952103
785,W&OD Trail/Sunset Hills Rd & Isaac Newton Sq,29.0,30.0,59.0,38.951419,-77.340281
786,Reston Pkwy & Spectrum Dr,13.0,16.0,29.0,38.964208,-77.35428
787,McNair Farms Dr & Thomas Jefferson Dr,13.0,18.0,31.0,38.948588,-77.408743
788,Division Ave & Foote St NE,5.0,5.0,10.0,38.897407,-76.925907
789,Queens Chapel & Hamilton St,72.0,71.0,143.0,38.9546,-76.9595
790, Scotts Crossing Rd & Spring Gate Dr,22.0,27.0,49.0,38.927018,-77.211094
791,N Shore Dr & Washington Plaza/Lake Anne,4.0,5.0,9.0,38.969515,-77.342038
792,Columbus Ave & Tribeca St,42.0,36.0,78.0,39.125828,-77.167059
793,Citadel Ave & McGrath Blvd,8.0,10.0,18.0,39.049,-77.10933
794,Montgomery College / W Campus Dr & Mannakee St,12.0,13.0,25.0,39.095661,-77.159048
795,Monroe St & E Park Dr ,23.0,25.0,48.0,38.950009,-77.389696
796,Largo Rd & Campus Way / Prince Georges's Comm Col,5.0,3.0,8.0,38.88994,-76.825535
797,Vaden Dr & Royal Victoria Dr/Jim Scott Cmty Ctr,17.0,14.0,31.0,38.873261,-77.272999
798,New Hampshire & Lockwood,9.0,3.0,12.0,39.039102,-76.991824
799,Joliet St & MLK Ave SW/Bald Eagle Rec Ctr,4.0,4.0,8.0,38.81909,-77.01033
800,Alabama & MLK Ave SE,27.0,27.0,54.0,38.84323,-76.999376
801,Westbranch & Jones Branch Dr,14.0,26.0,40.0,38.931089,-77.220729
802,Chain Bridge Rd & Anderson Rd,10.0,12.0,22.0,38.925572,-77.204762
803,Madron Ln & Bermudez Ct,11.0,9.0,20.0,38.904415,-77.221807
804,Shady Grove Metro West,53.0,60.0,113.0,39.119765,-77.166093
805,King Farm Blvd & Pleasant Dr,67.0,56.0,123.0,39.114688,-77.171487
806,Woody Ward Rec Center,3.0,2.0,5.0,38.879575,-76.926596
807,New Dominion Pkwy & Fountain Dr,36.0,36.0,72.0,38.960574,-77.356324
808,Route 29 & Bisvey Dr,30.0,27.0,57.0,38.876912,-77.195847
809,Old Meadow Rd & Old Meadow Ln,14.0,14.0,28.0,38.918988,-77.21246
810,Fishers Ln & Rock Creek Mill Rd,51.0,50.0,101.0,39.0629,-77.113454
811,Oxon Hill Park & Ride,4.0,5.0,9.0,38.798749,-77.00103
812,Westpark Dr & Leesburg Pike,9.0,6.0,15.0,38.92403,-77.235955
813,Ridge Rd Community Center,4.0,4.0,8.0,38.876227,-76.940981
814,Southern Ave Metro,10.0,10.0,20.0,38.840107,-76.9753
815,Capitol Heights Metro,50.0,43.0,93.0,38.888524,-76.913188
